[{"id":"user-image-8164154.png","fileName":"8164154.png","name":"8164154","publicUrl":"https://assets.nicepagecdn.com/eb728cf8/5391012/images/8164154.png","size":8023,"hash":"7wpgkZpFnHAB+Az+DUWtl4hC7wU=","width":128,"height":128,"folderId":null,"thumbnail":{"url":"https://assets.nicepagecdn.com/eb728cf8/5391012/images/8164154.png","width":128,"height":128},"usages":["5395841"]},{"id":"user-image-2875421.png","fileName":"2875421.png","name":"2875421","publicUrl":"https://assets.nicepagecdn.com/eb728cf8/5391012/images/2875421.png","size":5522,"hash":"hEFVEfmjuzDgAJ8evHLZSFMw084=","width":128,"height":128,"folderId":null,"thumbnail":{"url":"https://assets.nicepagecdn.com/eb728cf8/5391012/images/2875421.png","width":128,"height":128},"usages":["5395841"]},{"id":"user-image-1829415.png","fileName":"1829415.png","name":"1829415","publicUrl":"https://assets.nicepagecdn.com/eb728cf8/5391012/images/1829415.png","size":3105,"hash":"UzyfmYoJJ4PWysrVUCWb3fb6OnI=","width":128,"height":128,"folderId":null,"thumbnail":{"url":"https://assets.nicepagecdn.com/eb728cf8/5391012/images/1829415.png","width":128,"height":128},"usages":["5395841"]},{"id":"user-image-1179120.png","fileName":"1179120.png","name":"1179120","publicUrl":"https://assets.nicepagecdn.com/eb728cf8/5391012/images/1179120.png","size":4628,"hash":"WfHIu/fOVAIdOUPh2vTcd3HjmDE=","width":128,"height":128,"folderId":null,"thumbnail":{"url":"https://assets.nicepagecdn.com/eb728cf8/5391012/images/1179120.png","width":128,"height":128},"usages":["5395841"]},{"id":"user-image-WhatsAppImage2023-03-31at2.21.07AM.jpeg","fileName":"WhatsAppImage2023-03-31at2.21.07AM.jpeg","name":"WhatsAppImage2023-03-31at2.21.07AM","publicUrl":"https://assets.nicepagecdn.com/eb728cf8/5391012/images/WhatsAppImage2023-03-31at2.21.07AM.jpeg","size":84205,"hash":"ptqpg6RbWo61P/qygPaSrYv1d0k=","width":1080,"height":2209,"folderId":null,"thumbnail":{"url":"https://assets.nicepagecdn.com/eb728cf8/5391012/images/thumbnails/WhatsAppImage2023-03-31at2.21.07AM.jpeg","width":73,"height":150},"usages":["5395841"]},{"id":"user-image-IMG_3241.jpg","fileName":"IMG_3241.jpg","name":"IMG_3241","publicUrl":"https://assets.nicepagecdn.com/eb728cf8/5391012/images/IMG_3241.jpg","size":1036571,"hash":"CLbjFTz4n2Cn6R0bfVsU5JnX2cQ=","width":1920,"height":1673,"folderId":null,"thumbnail":{"url":"https://assets.nicepagecdn.com/eb728cf8/5391012/images/thumbnails/IMG_3241.jpg","width":150,"height":131},"usages":["5395841"]},{"id":"user-image-814208.png","fileName":"814208.png","name":"814208","publicUrl":"https://assets.nicepagecdn.com/eb728cf8/5391012/images/814208.png","size":1792,"hash":"Ah2bT1xCFIgfWdW3PgzoGM5YYTM=","width":128,"height":128,"folderId":null,"thumbnail":{"url":"https://assets.nicepagecdn.com/eb728cf8/5391012/images/814208.png","width":128,"height":128},"usages":["5395841"]},{"id":"user-image-1384060.png","fileName":"1384060.png","name":"1384060","publicUrl":"https://assets.nicepagecdn.com/eb728cf8/5391012/images/1384060.png","size":2027,"hash":"+feV6qtERVlM0qVKUymbCiSu/Os=","width":128,"height":128,"folderId":null,"thumbnail":{"url":"https://assets.nicepagecdn.com/eb728cf8/5391012/images/1384060.png","width":128,"height":128},"usages":["5395841"]},{"id":"user-image-2368447.png","fileName":"2368447.png","name":"2368447","publicUrl":"https://assets.nicepagecdn.com/eb728cf8/5391012/images/2368447.png","size":7673,"hash":"uS7LvgK9Ko3Jr65+oOMC05882s8=","width":128,"height":128,"folderId":null,"thumbnail":{"url":"https://assets.nicepagecdn.com/eb728cf8/5391012/images/2368447.png","width":128,"height":128},"usages":["5395841"]},{"id":"user-image-3.jpeg","fileName":"3.jpeg","name":"3","publicUrl":"https://assets.nicepagecdn.com/eb728cf8/5391012/images/3.jpeg","size":172463,"hash":"CAF9pqLvJRnV0EnQwnDPCtKJlCs=","width":1280,"height":1600,"folderId":null,"thumbnail":{"url":"https://assets.nicepagecdn.com/eb728cf8/5391012/images/thumbnails/3.jpeg","width":120,"height":150},"usages":["5391021"]},{"id":"user-image-2.jpeg","fileName":"2.jpeg","name":"2","publicUrl":"https://assets.nicepagecdn.com/eb728cf8/5391012/images/2.jpeg","size":117335,"hash":"W551hBUf+WtUzyYzzC22W3YmrJk=","width":1280,"height":1600,"folderId":null,"thumbnail":{"url":"https://assets.nicepagecdn.com/eb728cf8/5391012/images/thumbnails/2.jpeg","width":120,"height":150},"usages":["5391021"]},{"id":"user-image-1.jpeg","fileName":"1.jpeg","name":"1","publicUrl":"https://assets.nicepagecdn.com/eb728cf8/5391012/images/1.jpeg","size":145484,"hash":"gPoaRtMSJumbqacjj4JJ3q27LQE=","width":1280,"height":1600,"folderId":null,"thumbnail":{"url":"https://assets.nicepagecdn.com/eb728cf8/5391012/images/thumbnails/1.jpeg","width":120,"height":150},"usages":["5391021"]},{"id":"user-image-11.jpeg","fileName":"11.jpeg","name":"11","publicUrl":"https://assets.nicepagecdn.com/eb728cf8/5391012/images/11.jpeg","size":141761,"hash":"nLTP6FTUEUp1j1ruq3D9OMfQTEQ=","width":1280,"height":1600,"folderId":null,"thumbnail":{"url":"https://assets.nicepagecdn.com/eb728cf8/5391012/images/thumbnails/11.jpeg","width":120,"height":150},"usages":["5391021"]},{"id":"user-image-11111.jpeg","fileName":"11111.jpeg","name":"11111","publicUrl":"https://assets.nicepagecdn.com/eb728cf8/5391012/images/11111.jpeg","size":151426,"hash":"0Y66SmEjDv+Y9UPhwjG5rfDj54U=","width":1280,"height":1600,"folderId":null,"thumbnail":{"url":"https://assets.nicepagecdn.com/eb728cf8/5391012/images/thumbnails/11111.jpeg","width":120,"height":150},"usages":["5391021"]}]